1,2003,Dinosaur Planet,"Animation,SCIFI"
2,2004,Isle of Man TT 2004 Review,"Drama,Sports"
3,1997,Character,"Crime,Mystery"
4,1994,Paula Abdul's Get Up & Dance,"Drama,Family"
5,2004,The Rise and Fall of ECW,"Sports,Documentary"
6,1997,Sick,"Drama,Romance"
7,1992,8 Man,"Action,World"
8,2004,What the #$*! Do We Know!?,"Action,World"
9,1991,Class of Nuke 'Em High 2,"Cult Film, Horror"
10,2001,Fighter,"Sport,Drama"
11,1999,Full Frame: Documentary Shorts,"Documentary,Special Interest"
12,1947,My Favorite Brunette,"Drama,Thriller"
13,2003,Lord of the Rings: The Return of the King: Extended Edition: Bonus Material,"Fantasy,Drama"
14,1982,Nature: Antarctica,"Documentary,Drama"
15,1988,Neil Diamond: Greatest Hits Live,"Documentary,Drama"
16,1996,Screamers,"Thriller,Action"
17,2005,7 Seconds,"Thriller, Action"
18,1994,Immortal Beloved,"Drama,Romance"
19,2000,By Dawn's Early Light,"Film Adaptation,Drama"
20,1972,Seeta Aur Geeta,"Drama,Family"
21,2002,Strange Relations,"Comedy,Family,Fantasy"
22,2000,Chump Change,"Indie Film, Romance"
23,2001,Clifford: Clifford Saves the Day! / Clifford's Fluffiest Friend Cleo,"Comedy,Animation"
24,1981,My Bloody Valentine,"Slasher,Thriller"
25,1997,Inspector Morse 31: Death Is Now My Neighbour,"Crime,Drama,Mystery"
26,2004,Never Die Alone,"Thriller, Action"
27,1962,Sesame Street: Elmo's World: The Street We Live On,"Comedy,Music,Musical"
28,2002,Lilo and Stitch,"Drama,Fantasy,Animation"
29,2001,Boycott,"Adventure,Drama"
30,2003,Something's Gotta Give,"Romance,Drama"
31,1999,Classic Albums: Meat Loaf: Bat Out of Hell,"Music , Documentary"
32,2004,ABC Primetime: Mel Gibson's The Passion of the Christ,"Drama,Indie Film"
33,2000,Aqua Teen Hunger Force: Vol. 1,"Animation, Comedy"
34,2003,Ashtanga Yoga: Beginner's Practice with Nicki Doane,"Drama,History,Music"
35,2000,Ferngully 2: The Magical Rescue,"Fantasy,Animation"
36,1992,Lady Chatterley,"Melodrama,Erotica"
37,1973,Zatoichi's Conspiracy,"Drama,Action,Adventure"
38,2003,Daydream Obsession,"Mystery,Fantasy"
39,2000,Love Reinvented,"Comedy, Drama"
40,2004,Pitcher and the Pin-Up,"Comedy,Drama,Sport"
41,2000,Horror Vision,"Slasher , Thriller"
42,2002,Searching for Paradise,"Comedy,Indie Film, Drama"
43,2000,Silent Service,"Drama,Fantasay"
44,1996,Spitfire Grill,"Melodrama,Indie Film"
45,1999,The Love Letter,"Drama, Romance"
46,1964,Rudolph the Red-Nosed Reindeer,"Television film,Animation"
47,1952,The Bad and the Beautiful,"Drama,Romance"
48,2001,Justice League,"Thriller, Drama,SCIFI"
49,2003,Devo: The Complete Truth About De-evolution,"Short Film, Drama"
50,1941,A Yank in the R.A.F.,"Black and White,Drama"
51,2002,Jonah: A VeggieTales Movie: Bonus Material,"Comedy,Animation"
52,2002,The Weather Underground,"Documentary, Drama"
53,2003,The Bonesetter,"Horror, Thriller"
54,1952,We're Not Married,"Black and White,Romance"
55,1995,Jade,"Thriller,Drama"
56,2004,Carandiru,"Crime,Indie"
57,1995,Richard III,"Drama,History"
58,1996,Dragonheart,"Drama,Fantasay"
59,2003,Sex and the Beauties,"Drama, Romance"
60,1969,The Libertine,"Drama,Romance"
61,1999,Ricky Martin: One Night Only,"Music , Documentary"
62,1991,Ken Burns' America: Empire of the Air,"History,Documentary"
63,1943,Crash Dive,"Romance,Drama"
64,2001,Outside the Law,"Crime Film, Drama"
65,2000,Lost in the Pershing Point Hotel,"Comedy,drama,indie"
66,1989,Barbarian Queen 2,"Action,Fantasy"
67,1997,Vampire Journals,"Fantasy,Horror"
68,2004,Invader Zim,"TV Series, Drama"
69,2003,WWE: Armageddon 2003,"Event,TV"
70,1999,Tai Chi: The 24 Forms,"Martial Arts, Action"
71,1995,Maya Lin: A Strong Clear Vision,"Biography,Drama"
72,1974,At Home Among Strangers,"Action,Adventure"
73,1954,Davy Crockett: 50th Anniversary Double Feature,"Adventure,Drama"
74,1999,6ixtynin9,"Crime Film, Thriller"
75,1997,Grind,"Sport,Teen"
76,1952,I Love Lucy: Season 2,"Drama,Romance"
77,1995,Congo,"Action,Mystery"
78,1996,Jingle All the Way,"Family,Comedy"
79,1956,The Killing,"Crime Film, Thriller"
80,1979,Winter Kills,"Mystery,Crime"
81,1991,Antarctica: IMAX,"Documentary, Short Film"
82,1951,The Frogmen,"Drama,Action"
83,1983,Silkwood,"Thriller,Drama"
84,2002,The Powerpuff Girls Movie,"Action,Animation,Fantasy"
85,2005,Elfen Lied,"Fantasy,Manga"
86,1996,Iron Monkey 2,"Action,Adventure,World"
87,2002,Louder Than Bombs,"Thriller, Drama"
88,1998,Record of Lodoss War: Chronicles of the Heroic Knight,"Drama,History,Music"
89,2000,Chain of Command,"Thriller,Action"
90,1951,The Lemon Drop Kid,"Comedy,Family,Fantasy"
91,2005,WWE: Royal Rumble 2005,"Event,Drama"
92,2002,ECW: Cyberslam '99,"Event,Drama"
93,2004,They Came Back,"Fantasy, Drama"
94,2000,G3: Live in Concert,"Event,Drama"
95,1985,Dona Herlinda and Her Son,"Drama,Romance"
96,2000,Inside the Space Station,"Documentary,SCIFI"
97,2002,Mostly Martha,"Drama,Romance"
98,1965,The Battle of Algiers: Bonus Material,"Drama,History"
99,1989,A Fishy Story,"Drama,Romance"
100,1993,Sam the Iron Bridge,"action,adventure,world"
101,1997,Complete Shamanic Princess,"Animation,Drama"
102,2004,Notre Musique,"Thriller, Drama"
103,1976,Sanford and Son: Season 6,"TV,Comedy"
104,1965,The Great Race,"Sport,Action"
105,2002,Obsessed,"Thriller,Drama"
106,2004,Stevie Ray Vaughan and Double Trouble: Live at Montreux 1982 & 1985,"Drama,Music"
107,2000,Magnolia: Bonus Material,"Family, Drama"
108,2004,Spartan,"Thriller , Drama"
109,1996,No Way Back,"Thriller,Drama"
110,1989,Scandal,"Indie Film, Drama"
111,2003,Duplex (Widescreen),"Comedy,Romance"
112,1993,The Eye of Vichy,"History,World"
113,2000,Bruce Lee: A Warrior's Journey,"Sport,Action"
114,1989,Dominion Tank Police Part 1 & 2,"Animation,Drama"
115,1973,Lord Peter Wimsey: Murder Must Advertise,"Thriller,Mystery"
116,2004,Bear Cub,"Drama,Comedy"
117,1957,Silk Stockings,"Comedy,Romance"
118,1985,Rambo: First Blood Part II,"Thriller,Action"
119,1999,Travel the World by Train: ,"Africa,Documentary"
120,2004,Plain Dirty,"Thriller,Mystery"
121,2003,Beyonce: Live at Wembley,"Event,Drama"
122,2002,Cube 2: Hypercube,"Thriller,SCIFI"
123,2000,Chain of Fools,"Thriller,Drama"
124,2000,Cold Blooded,"Thriller,Action"
125,1981,Nighthawks,"Thriller,Action"
126,2003,Vampire Effect (aka Twins Effect),"Drama,Fantasay"
127,1987,Fatal Beauty,"Thriller,Drama"
128,1985,Mr. Vampire,"Thriller,Fantasy"
129,2003,Darkwolf,"Horror,Thriller"
130,1999,Drowning on Dry Land,"Drama,Romance"
131,2002,Arachnid,"Adventure,Horror"
132,1981,Lucio Fulci: The Beyond,"Horror,Drama"
133,2003,Viva La Bam: Season 1,"Comedy,Drama"
134,1996,Spirit Lost,"Drama,Horror"
135,1998,GTO: Great Teacher Onizuka: Set 2,"Drama,SCIFI"
136,1927,Cat and the Canary,"Comedy,Drama,Mystery"
137,1998,Naked Lies,"Thriller,Mystery"
138,1995,Star Trek: Voyager: Season 1,"Drama,SCIFI"
139,2001,Allergies: A Natural Approach,"Documentary,Information"
140,1993,Lost in the Wild,"Television film,Drama"
141,2004,Goddess of Mercy,"Action,Crime,Drama"
142,2000,The Tricky Master,"Action,Adventure"
143,1997,The Game,"Mystery,Thriller"
144,2000,Deepak Chopra: The Way of the Wizard & Alchemy,"Documentary,Information"
145,1978,Get Out Your Handkerchiefs,"Drama,Romance"
146,1988,Cannibal Women in the Avocado Jungle of Death,"Fantasy,Horror"
147,1992,Where Sleeping Dogs Lie,"Thriller,Mystery"
148,2001,Sweet November,"Romance,Drama"
149,2005,The Edward R. Murrow Collection,"History, Drama"
150,2001,Firetrap,"Thriller, Drama"